timestamp, index, name, utilization.gpu [%], utilization.memory [%], memory.total [MiB], memory.used [MiB]
2025/11/28 22:13:02.686, 0, NVIDIA A100-SXM4-80GB, 0 %, 0 %, 81920 MiB, 0 MiB
2025/11/28 22:13:07.689, 0, NVIDIA A100-SXM4-80GB, 0 %, 0 %, 81920 MiB, 419 MiB
2025/11/28 22:13:12.690, 0, NVIDIA A100-SXM4-80GB, 0 %, 0 %, 81920 MiB, 419 MiB
2025/11/28 22:13:17.692, 0, NVIDIA A100-SXM4-80GB, 0 %, 0 %, 81920 MiB, 419 MiB
2025/11/28 22:13:22.693, 0, NVIDIA A100-SXM4-80GB, 0 %, 0 %, 81920 MiB, 419 MiB
2025/11/28 22:13:27.694, 0, NVIDIA A100-SXM4-80GB, 0 %, 0 %, 81920 MiB, 419 MiB
2025/11/28 22:13:32.696, 0, NVIDIA A100-SXM4-80GB, 0 %, 0 %, 81920 MiB, 419 MiB
2025/11/28 22:13:37.697, 0, NVIDIA A100-SXM4-80GB, 11 %, 0 %, 81920 MiB, 3749 MiB
2025/11/28 22:13:42.699, 0, NVIDIA A100-SXM4-80GB, 9 %, 0 %, 81920 MiB, 3849 MiB
2025/11/28 22:13:47.700, 0, NVIDIA A100-SXM4-80GB, 10 %, 0 %, 81920 MiB, 3849 MiB
2025/11/28 22:13:52.702, 0, NVIDIA A100-SXM4-80GB, 10 %, 0 %, 81920 MiB, 3849 MiB
2025/11/28 22:13:57.703, 0, NVIDIA A100-SXM4-80GB, 0 %, 0 %, 81920 MiB, 4409 MiB
2025/11/28 22:14:02.705, 0, NVIDIA A100-SXM4-80GB, 10 %, 0 %, 81920 MiB, 4435 MiB
2025/11/28 22:14:07.706, 0, NVIDIA A100-SXM4-80GB, 10 %, 0 %, 81920 MiB, 4435 MiB
2025/11/28 22:14:12.708, 0, NVIDIA A100-SXM4-80GB, 9 %, 0 %, 81920 MiB, 4435 MiB
2025/11/28 22:14:17.710, 0, NVIDIA A100-SXM4-80GB, 0 %, 0 %, 81920 MiB, 4439 MiB
2025/11/28 22:14:22.711, 0, NVIDIA A100-SXM4-80GB, 11 %, 0 %, 81920 MiB, 4439 MiB
2025/11/28 22:14:27.713, 0, NVIDIA A100-SXM4-80GB, 9 %, 0 %, 81920 MiB, 4439 MiB
2025/11/28 22:14:32.714, 0, NVIDIA A100-SXM4-80GB, 10 %, 0 %, 81920 MiB, 4439 MiB
2025/11/28 22:14:37.716, 0, NVIDIA A100-SXM4-80GB, 10 %, 0 %, 81920 MiB, 4439 MiB
2025/11/28 22:14:42.718, 0, NVIDIA A100-SXM4-80GB, 9 %, 0 %, 81920 MiB, 4439 MiB
2025/11/28 22:14:47.720, 0, NVIDIA A100-SXM4-80GB, 10 %, 0 %, 81920 MiB, 4439 MiB
2025/11/28 22:14:52.721, 0, NVIDIA A100-SXM4-80GB, 10 %, 4 %, 81920 MiB, 4439 MiB
2025/11/28 22:14:57.723, 0, NVIDIA A100-SXM4-80GB, 10 %, 0 %, 81920 MiB, 4439 MiB
2025/11/28 22:15:02.725, 0, NVIDIA A100-SXM4-80GB, 10 %, 0 %, 81920 MiB, 4439 MiB
2025/11/28 22:15:07.726, 0, NVIDIA A100-SXM4-80GB, 10 %, 0 %, 81920 MiB, 4439 MiB
2025/11/28 22:15:12.728, 0, NVIDIA A100-SXM4-80GB, 0 %, 0 %, 81920 MiB, 4439 MiB
2025/11/28 22:15:17.729, 0, NVIDIA A100-SXM4-80GB, 10 %, 0 %, 81920 MiB, 4439 MiB
2025/11/28 22:15:22.733, 0, NVIDIA A100-SXM4-80GB, 10 %, 0 %, 81920 MiB, 4439 MiB
2025/11/28 22:15:27.734, 0, NVIDIA A100-SXM4-80GB, 10 %, 0 %, 81920 MiB, 4439 MiB
2025/11/28 22:15:32.736, 0, NVIDIA A100-SXM4-80GB, 0 %, 0 %, 81920 MiB, 4439 MiB
2025/11/28 22:15:37.737, 0, NVIDIA A100-SXM4-80GB, 9 %, 0 %, 81920 MiB, 4439 MiB
2025/11/28 22:15:42.739, 0, NVIDIA A100-SXM4-80GB, 10 %, 0 %, 81920 MiB, 4439 MiB
2025/11/28 22:15:47.740, 0, NVIDIA A100-SXM4-80GB, 13 %, 0 %, 81920 MiB, 4439 MiB
2025/11/28 22:15:52.742, 0, NVIDIA A100-SXM4-80GB, 11 %, 0 %, 81920 MiB, 4439 MiB
2025/11/28 22:15:57.744, 0, NVIDIA A100-SXM4-80GB, 10 %, 0 %, 81920 MiB, 4439 MiB
2025/11/28 22:16:02.745, 0, NVIDIA A100-SXM4-80GB, 10 %, 0 %, 81920 MiB, 4439 MiB
2025/11/28 22:16:07.747, 0, NVIDIA A100-SXM4-80GB, 19 %, 0 %, 81920 MiB, 4439 MiB
2025/11/28 22:16:12.748, 0, NVIDIA A100-SXM4-80GB, 11 %, 0 %, 81920 MiB, 4439 MiB
2025/11/28 22:16:17.751, 0, NVIDIA A100-SXM4-80GB, 10 %, 0 %, 81920 MiB, 4439 MiB
2025/11/28 22:16:22.752, 0, NVIDIA A100-SXM4-80GB, 10 %, 0 %, 81920 MiB, 4439 MiB
2025/11/28 22:16:27.754, 0, NVIDIA A100-SXM4-80GB, 0 %, 0 %, 81920 MiB, 4439 MiB
2025/11/28 22:16:32.756, 0, NVIDIA A100-SXM4-80GB, 11 %, 0 %, 81920 MiB, 4439 MiB
2025/11/28 22:16:37.757, 0, NVIDIA A100-SXM4-80GB, 10 %, 0 %, 81920 MiB, 4439 MiB
2025/11/28 22:16:42.759, 0, NVIDIA A100-SXM4-80GB, 10 %, 0 %, 81920 MiB, 4439 MiB
2025/11/28 22:16:47.760, 0, NVIDIA A100-SXM4-80GB, 0 %, 0 %, 81920 MiB, 4441 MiB
2025/11/28 22:16:52.762, 0, NVIDIA A100-SXM4-80GB, 11 %, 0 %, 81920 MiB, 4441 MiB
2025/11/28 22:16:57.764, 0, NVIDIA A100-SXM4-80GB, 9 %, 0 %, 81920 MiB, 4441 MiB
2025/11/28 22:17:02.766, 0, NVIDIA A100-SXM4-80GB, 10 %, 0 %, 81920 MiB, 4441 MiB
2025/11/28 22:17:07.767, 0, NVIDIA A100-SXM4-80GB, 0 %, 0 %, 81920 MiB, 4441 MiB
2025/11/28 22:17:12.769, 0, NVIDIA A100-SXM4-80GB, 9 %, 0 %, 81920 MiB, 4441 MiB
2025/11/28 22:17:17.770, 0, NVIDIA A100-SXM4-80GB, 10 %, 0 %, 81920 MiB, 4441 MiB
2025/11/28 22:17:22.772, 0, NVIDIA A100-SXM4-80GB, 9 %, 0 %, 81920 MiB, 4441 MiB
2025/11/28 22:17:27.773, 0, NVIDIA A100-SXM4-80GB, 10 %, 0 %, 81920 MiB, 4441 MiB
2025/11/28 22:17:32.775, 0, NVIDIA A100-SXM4-80GB, 10 %, 0 %, 81920 MiB, 4441 MiB
2025/11/28 22:17:37.777, 0, NVIDIA A100-SXM4-80GB, 10 %, 0 %, 81920 MiB, 4441 MiB
2025/11/28 22:17:42.778, 0, NVIDIA A100-SXM4-80GB, 11 %, 0 %, 81920 MiB, 4441 MiB
2025/11/28 22:17:47.780, 0, NVIDIA A100-SXM4-80GB, 11 %, 0 %, 81920 MiB, 4441 MiB
2025/11/28 22:17:52.782, 0, NVIDIA A100-SXM4-80GB, 10 %, 0 %, 81920 MiB, 4441 MiB
2025/11/28 22:17:57.783, 0, NVIDIA A100-SXM4-80GB, 8 %, 0 %, 81920 MiB, 4441 MiB
2025/11/28 22:18:02.785, 0, NVIDIA A100-SXM4-80GB, 10 %, 0 %, 81920 MiB, 4441 MiB
2025/11/28 22:18:07.787, 0, NVIDIA A100-SXM4-80GB, 11 %, 0 %, 81920 MiB, 4441 MiB
2025/11/28 22:18:12.789, 0, NVIDIA A100-SXM4-80GB, 10 %, 0 %, 81920 MiB, 4441 MiB
2025/11/28 22:18:17.790, 0, NVIDIA A100-SXM4-80GB, 10 %, 0 %, 81920 MiB, 4441 MiB
2025/11/28 22:18:22.792, 0, NVIDIA A100-SXM4-80GB, 0 %, 0 %, 81920 MiB, 4441 MiB
2025/11/28 22:18:27.794, 0, NVIDIA A100-SXM4-80GB, 11 %, 0 %, 81920 MiB, 4441 MiB
2025/11/28 22:18:32.796, 0, NVIDIA A100-SXM4-80GB, 10 %, 0 %, 81920 MiB, 4441 MiB
2025/11/28 22:18:37.797, 0, NVIDIA A100-SXM4-80GB, 10 %, 0 %, 81920 MiB, 4441 MiB
2025/11/28 22:18:42.799, 0, NVIDIA A100-SXM4-80GB, 27 %, 5 %, 81920 MiB, 4443 MiB
2025/11/28 22:18:47.801, 0, NVIDIA A100-SXM4-80GB, 11 %, 0 %, 81920 MiB, 4443 MiB
2025/11/28 22:18:52.803, 0, NVIDIA A100-SXM4-80GB, 10 %, 0 %, 81920 MiB, 4443 MiB
2025/11/28 22:18:57.804, 0, NVIDIA A100-SXM4-80GB, 9 %, 0 %, 81920 MiB, 4443 MiB
2025/11/28 22:19:02.806, 0, NVIDIA A100-SXM4-80GB, 0 %, 0 %, 81920 MiB, 4443 MiB
2025/11/28 22:19:07.807, 0, NVIDIA A100-SXM4-80GB, 11 %, 0 %, 81920 MiB, 4443 MiB
2025/11/28 22:19:12.809, 0, NVIDIA A100-SXM4-80GB, 9 %, 0 %, 81920 MiB, 4443 MiB
2025/11/28 22:19:17.811, 0, NVIDIA A100-SXM4-80GB, 11 %, 0 %, 81920 MiB, 4443 MiB
2025/11/28 22:19:22.812, 0, NVIDIA A100-SXM4-80GB, 0 %, 0 %, 81920 MiB, 4443 MiB
2025/11/28 22:19:27.814, 0, NVIDIA A100-SXM4-80GB, 10 %, 0 %, 81920 MiB, 4443 MiB
2025/11/28 22:19:32.816, 0, NVIDIA A100-SXM4-80GB, 10 %, 0 %, 81920 MiB, 4443 MiB
2025/11/28 22:19:37.817, 0, NVIDIA A100-SXM4-80GB, 10 %, 0 %, 81920 MiB, 4443 MiB
2025/11/28 22:19:42.819, 0, NVIDIA A100-SXM4-80GB, 22 %, 2 %, 81920 MiB, 4443 MiB
2025/11/28 22:19:47.820, 0, NVIDIA A100-SXM4-80GB, 9 %, 0 %, 81920 MiB, 4443 MiB
2025/11/28 22:19:52.822, 0, NVIDIA A100-SXM4-80GB, 10 %, 0 %, 81920 MiB, 4443 MiB
2025/11/28 22:19:57.823, 0, NVIDIA A100-SXM4-80GB, 0 %, 0 %, 81920 MiB, 4443 MiB
2025/11/28 22:20:02.825, 0, NVIDIA A100-SXM4-80GB, 12 %, 0 %, 81920 MiB, 4443 MiB
2025/11/28 22:20:07.827, 0, NVIDIA A100-SXM4-80GB, 10 %, 0 %, 81920 MiB, 4443 MiB
2025/11/28 22:20:12.829, 0, NVIDIA A100-SXM4-80GB, 10 %, 0 %, 81920 MiB, 4443 MiB
2025/11/28 22:20:17.830, 0, NVIDIA A100-SXM4-80GB, 0 %, 0 %, 81920 MiB, 4443 MiB
2025/11/28 22:20:22.832, 0, NVIDIA A100-SXM4-80GB, 12 %, 0 %, 81920 MiB, 4443 MiB
2025/11/28 22:20:27.834, 0, NVIDIA A100-SXM4-80GB, 10 %, 0 %, 81920 MiB, 4443 MiB
2025/11/28 22:20:32.835, 0, NVIDIA A100-SXM4-80GB, 10 %, 0 %, 81920 MiB, 4443 MiB
2025/11/28 22:20:37.837, 0, NVIDIA A100-SXM4-80GB, 3 %, 0 %, 81920 MiB, 4443 MiB
2025/11/28 22:20:42.839, 0, NVIDIA A100-SXM4-80GB, 11 %, 0 %, 81920 MiB, 4443 MiB
2025/11/28 22:20:47.840, 0, NVIDIA A100-SXM4-80GB, 10 %, 0 %, 81920 MiB, 4443 MiB
2025/11/28 22:20:52.842, 0, NVIDIA A100-SXM4-80GB, 10 %, 0 %, 81920 MiB, 4443 MiB
2025/11/28 22:20:57.843, 0, NVIDIA A100-SXM4-80GB, 10 %, 0 %, 81920 MiB, 4443 MiB
2025/11/28 22:21:02.845, 0, NVIDIA A100-SXM4-80GB, 0 %, 0 %, 81920 MiB, 4443 MiB
2025/11/28 22:21:07.846, 0, NVIDIA A100-SXM4-80GB, 11 %, 0 %, 81920 MiB, 4443 MiB
2025/11/28 22:21:12.848, 0, NVIDIA A100-SXM4-80GB, 10 %, 0 %, 81920 MiB, 4443 MiB
2025/11/28 22:21:17.849, 0, NVIDIA A100-SXM4-80GB, 10 %, 0 %, 81920 MiB, 4443 MiB
2025/11/28 22:21:22.851, 0, NVIDIA A100-SXM4-80GB, 2 %, 0 %, 81920 MiB, 4443 MiB
2025/11/28 22:21:27.852, 0, NVIDIA A100-SXM4-80GB, 0 %, 0 %, 81920 MiB, 4443 MiB
2025/11/28 22:21:32.853, 0, NVIDIA A100-SXM4-80GB, 10 %, 0 %, 81920 MiB, 4443 MiB
2025/11/28 22:21:37.855, 0, NVIDIA A100-SXM4-80GB, 9 %, 0 %, 81920 MiB, 4443 MiB
2025/11/28 22:21:42.856, 0, NVIDIA A100-SXM4-80GB, 9 %, 0 %, 81920 MiB, 4443 MiB
2025/11/28 22:21:47.858, 0, NVIDIA A100-SXM4-80GB, 0 %, 0 %, 81920 MiB, 4443 MiB
2025/11/28 22:21:52.859, 0, NVIDIA A100-SXM4-80GB, 11 %, 0 %, 81920 MiB, 4443 MiB
2025/11/28 22:21:57.861, 0, NVIDIA A100-SXM4-80GB, 10 %, 0 %, 81920 MiB, 4443 MiB
2025/11/28 22:22:02.862, 0, NVIDIA A100-SXM4-80GB, 10 %, 0 %, 81920 MiB, 4443 MiB
2025/11/28 22:22:07.865, 0, NVIDIA A100-SXM4-80GB, 0 %, 0 %, 81920 MiB, 4443 MiB
2025/11/28 22:22:12.866, 0, NVIDIA A100-SXM4-80GB, 11 %, 0 %, 81920 MiB, 4443 MiB
2025/11/28 22:22:17.868, 0, NVIDIA A100-SXM4-80GB, 10 %, 0 %, 81920 MiB, 4443 MiB
2025/11/28 22:22:22.870, 0, NVIDIA A100-SXM4-80GB, 10 %, 0 %, 81920 MiB, 4443 MiB
2025/11/28 22:22:27.871, 0, NVIDIA A100-SXM4-80GB, 0 %, 0 %, 81920 MiB, 4443 MiB
2025/11/28 22:22:32.873, 0, NVIDIA A100-SXM4-80GB, 10 %, 0 %, 81920 MiB, 4443 MiB
2025/11/28 22:22:37.874, 0, NVIDIA A100-SXM4-80GB, 10 %, 0 %, 81920 MiB, 4443 MiB
2025/11/28 22:22:42.876, 0, NVIDIA A100-SXM4-80GB, 10 %, 0 %, 81920 MiB, 4443 MiB
2025/11/28 22:22:47.878, 0, NVIDIA A100-SXM4-80GB, 9 %, 0 %, 81920 MiB, 4443 MiB
2025/11/28 22:22:52.879, 0, NVIDIA A100-SXM4-80GB, 9 %, 0 %, 81920 MiB, 4443 MiB
2025/11/28 22:22:57.881, 0, NVIDIA A100-SXM4-80GB, 10 %, 0 %, 81920 MiB, 4443 MiB
2025/11/28 22:23:02.883, 0, NVIDIA A100-SXM4-80GB, 18 %, 0 %, 81920 MiB, 4443 MiB
2025/11/28 22:23:07.884, 0, NVIDIA A100-SXM4-80GB, 11 %, 0 %, 81920 MiB, 4443 MiB
2025/11/28 22:23:12.886, 0, NVIDIA A100-SXM4-80GB, 10 %, 0 %, 81920 MiB, 4443 MiB
2025/11/28 22:23:17.887, 0, NVIDIA A100-SXM4-80GB, 10 %, 0 %, 81920 MiB, 4443 MiB
2025/11/28 22:23:22.889, 0, NVIDIA A100-SXM4-80GB, 0 %, 0 %, 81920 MiB, 4443 MiB
2025/11/28 22:23:27.890, 0, NVIDIA A100-SXM4-80GB, 11 %, 0 %, 81920 MiB, 4443 MiB
2025/11/28 22:23:32.892, 0, NVIDIA A100-SXM4-80GB, 9 %, 0 %, 81920 MiB, 4443 MiB
2025/11/28 22:23:37.893, 0, NVIDIA A100-SXM4-80GB, 9 %, 0 %, 81920 MiB, 4443 MiB
2025/11/28 22:23:42.895, 0, NVIDIA A100-SXM4-80GB, 0 %, 0 %, 81920 MiB, 4443 MiB
2025/11/28 22:23:47.896, 0, NVIDIA A100-SXM4-80GB, 10 %, 0 %, 81920 MiB, 4443 MiB
2025/11/28 22:23:52.898, 0, NVIDIA A100-SXM4-80GB, 10 %, 0 %, 81920 MiB, 4443 MiB
2025/11/28 22:23:57.899, 0, NVIDIA A100-SXM4-80GB, 9 %, 0 %, 81920 MiB, 4443 MiB
2025/11/28 22:24:02.901, 0, NVIDIA A100-SXM4-80GB, 0 %, 0 %, 81920 MiB, 4443 MiB
2025/11/28 22:24:07.903, 0, NVIDIA A100-SXM4-80GB, 11 %, 0 %, 81920 MiB, 4443 MiB
2025/11/28 22:24:12.904, 0, NVIDIA A100-SXM4-80GB, 9 %, 0 %, 81920 MiB, 4443 MiB
2025/11/28 22:24:17.906, 0, NVIDIA A100-SXM4-80GB, 9 %, 0 %, 81920 MiB, 4443 MiB
2025/11/28 22:24:22.907, 0, NVIDIA A100-SXM4-80GB, 10 %, 0 %, 81920 MiB, 4443 MiB
2025/11/28 22:24:27.909, 0, NVIDIA A100-SXM4-80GB, 17 %, 3 %, 81920 MiB, 4443 MiB
2025/11/28 22:24:32.910, 0, NVIDIA A100-SXM4-80GB, 10 %, 0 %, 81920 MiB, 4443 MiB
2025/11/28 22:24:37.912, 0, NVIDIA A100-SXM4-80GB, 9 %, 0 %, 81920 MiB, 4443 MiB
2025/11/28 22:24:42.913, 0, NVIDIA A100-SXM4-80GB, 17 %, 0 %, 81920 MiB, 4443 MiB
2025/11/28 22:24:47.915, 0, NVIDIA A100-SXM4-80GB, 11 %, 0 %, 81920 MiB, 4443 MiB
2025/11/28 22:24:52.917, 0, NVIDIA A100-SXM4-80GB, 10 %, 0 %, 81920 MiB, 4443 MiB
2025/11/28 22:24:57.918, 0, NVIDIA A100-SXM4-80GB, 10 %, 0 %, 81920 MiB, 4443 MiB
2025/11/28 22:25:02.920, 0, NVIDIA A100-SXM4-80GB, 0 %, 0 %, 81920 MiB, 4443 MiB
2025/11/28 22:25:07.922, 0, NVIDIA A100-SXM4-80GB, 12 %, 0 %, 81920 MiB, 4443 MiB
2025/11/28 22:25:12.923, 0, NVIDIA A100-SXM4-80GB, 10 %, 0 %, 81920 MiB, 4443 MiB
2025/11/28 22:25:17.925, 0, NVIDIA A100-SXM4-80GB, 11 %, 0 %, 81920 MiB, 4443 MiB
2025/11/28 22:25:22.927, 0, NVIDIA A100-SXM4-80GB, 0 %, 0 %, 81920 MiB, 4443 MiB
2025/11/28 22:25:27.928, 0, NVIDIA A100-SXM4-80GB, 11 %, 0 %, 81920 MiB, 4443 MiB
2025/11/28 22:25:32.930, 0, NVIDIA A100-SXM4-80GB, 10 %, 0 %, 81920 MiB, 4443 MiB
2025/11/28 22:25:37.931, 0, NVIDIA A100-SXM4-80GB, 11 %, 0 %, 81920 MiB, 4443 MiB
2025/11/28 22:25:42.933, 0, NVIDIA A100-SXM4-80GB, 0 %, 0 %, 81920 MiB, 4443 MiB
2025/11/28 22:25:47.934, 0, NVIDIA A100-SXM4-80GB, 10 %, 0 %, 81920 MiB, 4443 MiB
2025/11/28 22:25:52.935, 0, NVIDIA A100-SXM4-80GB, 8 %, 0 %, 81920 MiB, 4443 MiB
2025/11/28 22:25:57.937, 0, NVIDIA A100-SXM4-80GB, 9 %, 0 %, 81920 MiB, 4443 MiB
2025/11/28 22:26:02.938, 0, NVIDIA A100-SXM4-80GB, 12 %, 0 %, 81920 MiB, 4443 MiB
2025/11/28 22:26:07.940, 0, NVIDIA A100-SXM4-80GB, 10 %, 0 %, 81920 MiB, 4443 MiB
2025/11/28 22:26:12.942, 0, NVIDIA A100-SXM4-80GB, 11 %, 0 %, 81920 MiB, 4443 MiB
2025/11/28 22:26:17.943, 0, NVIDIA A100-SXM4-80GB, 0 %, 0 %, 81920 MiB, 4443 MiB
2025/11/28 22:26:22.945, 0, NVIDIA A100-SXM4-80GB, 10 %, 0 %, 81920 MiB, 4443 MiB
2025/11/28 22:26:27.946, 0, NVIDIA A100-SXM4-80GB, 9 %, 0 %, 81920 MiB, 4443 MiB
2025/11/28 22:26:32.948, 0, NVIDIA A100-SXM4-80GB, 10 %, 0 %, 81920 MiB, 4443 MiB
2025/11/28 22:26:37.949, 0, NVIDIA A100-SXM4-80GB, 0 %, 0 %, 81920 MiB, 4443 MiB
2025/11/28 22:26:42.951, 0, NVIDIA A100-SXM4-80GB, 11 %, 0 %, 81920 MiB, 4443 MiB
2025/11/28 22:26:47.952, 0, NVIDIA A100-SXM4-80GB, 10 %, 0 %, 81920 MiB, 4443 MiB
2025/11/28 22:26:52.954, 0, NVIDIA A100-SXM4-80GB, 10 %, 0 %, 81920 MiB, 4443 MiB
2025/11/28 22:26:57.955, 0, NVIDIA A100-SXM4-80GB, 0 %, 0 %, 81920 MiB, 4443 MiB
2025/11/28 22:27:02.957, 0, NVIDIA A100-SXM4-80GB, 10 %, 0 %, 81920 MiB, 4443 MiB
2025/11/28 22:27:07.959, 0, NVIDIA A100-SXM4-80GB, 10 %, 0 %, 81920 MiB, 4443 MiB
2025/11/28 22:27:12.960, 0, NVIDIA A100-SXM4-80GB, 9 %, 0 %, 81920 MiB, 4443 MiB
2025/11/28 22:27:17.962, 0, NVIDIA A100-SXM4-80GB, 0 %, 0 %, 81920 MiB, 4443 MiB
2025/11/28 22:27:22.964, 0, NVIDIA A100-SXM4-80GB, 11 %, 0 %, 81920 MiB, 4443 MiB
2025/11/28 22:27:27.965, 0, NVIDIA A100-SXM4-80GB, 9 %, 0 %, 81920 MiB, 4443 MiB
2025/11/28 22:27:32.967, 0, NVIDIA A100-SXM4-80GB, 10 %, 0 %, 81920 MiB, 4443 MiB
2025/11/28 22:27:37.968, 0, NVIDIA A100-SXM4-80GB, 18 %, 0 %, 81920 MiB, 4443 MiB
2025/11/28 22:27:42.970, 0, NVIDIA A100-SXM4-80GB, 11 %, 0 %, 81920 MiB, 4443 MiB
2025/11/28 22:27:47.971, 0, NVIDIA A100-SXM4-80GB, 9 %, 0 %, 81920 MiB, 4443 MiB
2025/11/28 22:27:52.973, 0, NVIDIA A100-SXM4-80GB, 18 %, 0 %, 81920 MiB, 4443 MiB
2025/11/28 22:27:57.974, 0, NVIDIA A100-SXM4-80GB, 12 %, 0 %, 81920 MiB, 4443 MiB
2025/11/28 22:28:02.976, 0, NVIDIA A100-SXM4-80GB, 10 %, 0 %, 81920 MiB, 4443 MiB
2025/11/28 22:28:07.978, 0, NVIDIA A100-SXM4-80GB, 10 %, 0 %, 81920 MiB, 4443 MiB
2025/11/28 22:28:12.979, 0, NVIDIA A100-SXM4-80GB, 10 %, 0 %, 81920 MiB, 4443 MiB
2025/11/28 22:28:17.981, 0, NVIDIA A100-SXM4-80GB, 11 %, 0 %, 81920 MiB, 4443 MiB
2025/11/28 22:28:22.983, 0, NVIDIA A100-SXM4-80GB, 10 %, 0 %, 81920 MiB, 4443 MiB
2025/11/28 22:28:27.984, 0, NVIDIA A100-SXM4-80GB, 9 %, 0 %, 81920 MiB, 4443 MiB
2025/11/28 22:28:32.986, 0, NVIDIA A100-SXM4-80GB, 10 %, 0 %, 81920 MiB, 4443 MiB
2025/11/28 22:28:37.987, 0, NVIDIA A100-SXM4-80GB, 10 %, 0 %, 81920 MiB, 4443 MiB
2025/11/28 22:28:42.989, 0, NVIDIA A100-SXM4-80GB, 10 %, 0 %, 81920 MiB, 4443 MiB
2025/11/28 22:28:47.990, 0, NVIDIA A100-SXM4-80GB, 9 %, 0 %, 81920 MiB, 4443 MiB
2025/11/28 22:28:52.992, 0, NVIDIA A100-SXM4-80GB, 9 %, 0 %, 81920 MiB, 4443 MiB
2025/11/28 22:28:57.993, 0, NVIDIA A100-SXM4-80GB, 10 %, 0 %, 81920 MiB, 4443 MiB
2025/11/28 22:29:02.995, 0, NVIDIA A100-SXM4-80GB, 10 %, 0 %, 81920 MiB, 4443 MiB
2025/11/28 22:29:07.996, 0, NVIDIA A100-SXM4-80GB, 10 %, 0 %, 81920 MiB, 4443 MiB
2025/11/28 22:29:12.999, 0, NVIDIA A100-SXM4-80GB, 10 %, 0 %, 81920 MiB, 4443 MiB
2025/11/28 22:29:18.000, 0, NVIDIA A100-SXM4-80GB, 9 %, 0 %, 81920 MiB, 4443 MiB
2025/11/28 22:29:23.002, 0, NVIDIA A100-SXM4-80GB, 0 %, 0 %, 81920 MiB, 4443 MiB
2025/11/28 22:29:28.004, 0, NVIDIA A100-SXM4-80GB, 10 %, 0 %, 81920 MiB, 4443 MiB
2025/11/28 22:29:33.006, 0, NVIDIA A100-SXM4-80GB, 10 %, 0 %, 81920 MiB, 4443 MiB
2025/11/28 22:29:38.007, 0, NVIDIA A100-SXM4-80GB, 9 %, 0 %, 81920 MiB, 4443 MiB
2025/11/28 22:29:43.009, 0, NVIDIA A100-SXM4-80GB, 0 %, 0 %, 81920 MiB, 4443 MiB
2025/11/28 22:29:48.010, 0, NVIDIA A100-SXM4-80GB, 10 %, 0 %, 81920 MiB, 4443 MiB
2025/11/28 22:29:53.012, 0, NVIDIA A100-SXM4-80GB, 10 %, 0 %, 81920 MiB, 4443 MiB
2025/11/28 22:29:58.014, 0, NVIDIA A100-SXM4-80GB, 10 %, 0 %, 81920 MiB, 4443 MiB
2025/11/28 22:30:03.015, 0, NVIDIA A100-SXM4-80GB, 11 %, 0 %, 81920 MiB, 4443 MiB
2025/11/28 22:30:08.017, 0, NVIDIA A100-SXM4-80GB, 9 %, 0 %, 81920 MiB, 4443 MiB
2025/11/28 22:30:13.019, 0, NVIDIA A100-SXM4-80GB, 9 %, 0 %, 81920 MiB, 4443 MiB
2025/11/28 22:30:18.020, 0, NVIDIA A100-SXM4-80GB, 9 %, 0 %, 81920 MiB, 4443 MiB
2025/11/28 22:30:23.022, 0, NVIDIA A100-SXM4-80GB, 10 %, 0 %, 81920 MiB, 4443 MiB
2025/11/28 22:30:28.024, 0, NVIDIA A100-SXM4-80GB, 9 %, 0 %, 81920 MiB, 4443 MiB
2025/11/28 22:30:33.025, 0, NVIDIA A100-SXM4-80GB, 10 %, 0 %, 81920 MiB, 4443 MiB
2025/11/28 22:30:38.027, 0, NVIDIA A100-SXM4-80GB, 19 %, 0 %, 81920 MiB, 4443 MiB
2025/11/28 22:30:43.028, 0, NVIDIA A100-SXM4-80GB, 11 %, 0 %, 81920 MiB, 4443 MiB
2025/11/28 22:30:48.030, 0, NVIDIA A100-SXM4-80GB, 9 %, 0 %, 81920 MiB, 4443 MiB
2025/11/28 22:30:53.031, 0, NVIDIA A100-SXM4-80GB, 9 %, 0 %, 81920 MiB, 4443 MiB
2025/11/28 22:30:58.033, 0, NVIDIA A100-SXM4-80GB, 0 %, 0 %, 81920 MiB, 4443 MiB
2025/11/28 22:31:03.034, 0, NVIDIA A100-SXM4-80GB, 10 %, 0 %, 81920 MiB, 4443 MiB
2025/11/28 22:31:08.037, 0, NVIDIA A100-SXM4-80GB, 10 %, 0 %, 81920 MiB, 4443 MiB
2025/11/28 22:31:13.038, 0, NVIDIA A100-SXM4-80GB, 11 %, 0 %, 81920 MiB, 4443 MiB
2025/11/28 22:31:18.040, 0, NVIDIA A100-SXM4-80GB, 11 %, 0 %, 81920 MiB, 4443 MiB
2025/11/28 22:31:23.041, 0, NVIDIA A100-SXM4-80GB, 10 %, 0 %, 81920 MiB, 4443 MiB
2025/11/28 22:31:28.043, 0, NVIDIA A100-SXM4-80GB, 10 %, 0 %, 81920 MiB, 4443 MiB
2025/11/28 22:31:33.044, 0, NVIDIA A100-SXM4-80GB, 18 %, 0 %, 81920 MiB, 4443 MiB
2025/11/28 22:31:38.046, 0, NVIDIA A100-SXM4-80GB, 11 %, 0 %, 81920 MiB, 4443 MiB
2025/11/28 22:31:43.048, 0, NVIDIA A100-SXM4-80GB, 10 %, 0 %, 81920 MiB, 4443 MiB
2025/11/28 22:31:48.049, 0, NVIDIA A100-SXM4-80GB, 9 %, 0 %, 81920 MiB, 4443 MiB
2025/11/28 22:31:53.051, 0, NVIDIA A100-SXM4-80GB, 0 %, 0 %, 81920 MiB, 4443 MiB
2025/11/28 22:31:58.052, 0, NVIDIA A100-SXM4-80GB, 10 %, 0 %, 81920 MiB, 4443 MiB
2025/11/28 22:32:03.054, 0, NVIDIA A100-SXM4-80GB, 10 %, 0 %, 81920 MiB, 4443 MiB
2025/11/28 22:32:08.056, 0, NVIDIA A100-SXM4-80GB, 10 %, 0 %, 81920 MiB, 4443 MiB
2025/11/28 22:32:13.057, 0, NVIDIA A100-SXM4-80GB, 0 %, 0 %, 81920 MiB, 4445 MiB
2025/11/28 22:32:18.059, 0, NVIDIA A100-SXM4-80GB, 10 %, 0 %, 81920 MiB, 4445 MiB
2025/11/28 22:32:23.060, 0, NVIDIA A100-SXM4-80GB, 10 %, 0 %, 81920 MiB, 4445 MiB
2025/11/28 22:32:28.063, 0, NVIDIA A100-SXM4-80GB, 10 %, 0 %, 81920 MiB, 4445 MiB
2025/11/28 22:32:33.064, 0, NVIDIA A100-SXM4-80GB, 0 %, 0 %, 81920 MiB, 4445 MiB
2025/11/28 22:32:38.066, 0, NVIDIA A100-SXM4-80GB, 11 %, 0 %, 81920 MiB, 4445 MiB
2025/11/28 22:32:43.068, 0, NVIDIA A100-SXM4-80GB, 10 %, 0 %, 81920 MiB, 4445 MiB
2025/11/28 22:32:48.069, 0, NVIDIA A100-SXM4-80GB, 10 %, 0 %, 81920 MiB, 4445 MiB
2025/11/28 22:32:53.071, 0, NVIDIA A100-SXM4-80GB, 0 %, 0 %, 81920 MiB, 4445 MiB
2025/11/28 22:32:58.072, 0, NVIDIA A100-SXM4-80GB, 10 %, 0 %, 81920 MiB, 4445 MiB
2025/11/28 22:33:03.074, 0, NVIDIA A100-SXM4-80GB, 9 %, 0 %, 81920 MiB, 4445 MiB
2025/11/28 22:33:08.075, 0, NVIDIA A100-SXM4-80GB, 10 %, 0 %, 81920 MiB, 4445 MiB
2025/11/28 22:33:13.077, 0, NVIDIA A100-SXM4-80GB, 10 %, 0 %, 81920 MiB, 4445 MiB
2025/11/28 22:33:18.079, 0, NVIDIA A100-SXM4-80GB, 10 %, 0 %, 81920 MiB, 4445 MiB
2025/11/28 22:33:23.081, 0, NVIDIA A100-SXM4-80GB, 10 %, 0 %, 81920 MiB, 4445 MiB
2025/11/28 22:33:28.082, 0, NVIDIA A100-SXM4-80GB, 0 %, 0 %, 81920 MiB, 4445 MiB
2025/11/28 22:33:33.084, 0, NVIDIA A100-SXM4-80GB, 10 %, 0 %, 81920 MiB, 4445 MiB
2025/11/28 22:33:38.085, 0, NVIDIA A100-SXM4-80GB, 10 %, 0 %, 81920 MiB, 4445 MiB
2025/11/28 22:33:43.087, 0, NVIDIA A100-SXM4-80GB, 14 %, 0 %, 81920 MiB, 4445 MiB
2025/11/28 22:33:48.089, 0, NVIDIA A100-SXM4-80GB, 10 %, 0 %, 81920 MiB, 4445 MiB
2025/11/28 22:33:53.090, 0, NVIDIA A100-SXM4-80GB, 10 %, 0 %, 81920 MiB, 4445 MiB
2025/11/28 22:33:58.092, 0, NVIDIA A100-SXM4-80GB, 10 %, 0 %, 81920 MiB, 4445 MiB
2025/11/28 22:34:03.094, 0, NVIDIA A100-SXM4-80GB, 0 %, 0 %, 81920 MiB, 4445 MiB
2025/11/28 22:34:08.095, 0, NVIDIA A100-SXM4-80GB, 10 %, 0 %, 81920 MiB, 4445 MiB
2025/11/28 22:34:13.097, 0, NVIDIA A100-SXM4-80GB, 9 %, 0 %, 81920 MiB, 4445 MiB
2025/11/28 22:34:18.098, 0, NVIDIA A100-SXM4-80GB, 10 %, 0 %, 81920 MiB, 4445 MiB
2025/11/28 22:34:23.100, 0, NVIDIA A100-SXM4-80GB, 10 %, 0 %, 81920 MiB, 4445 MiB
2025/11/28 22:34:28.102, 0, NVIDIA A100-SXM4-80GB, 10 %, 0 %, 81920 MiB, 4445 MiB
2025/11/28 22:34:33.103, 0, NVIDIA A100-SXM4-80GB, 10 %, 0 %, 81920 MiB, 4445 MiB
2025/11/28 22:34:38.105, 0, NVIDIA A100-SXM4-80GB, 10 %, 0 %, 81920 MiB, 4445 MiB
2025/11/28 22:34:43.107, 0, NVIDIA A100-SXM4-80GB, 10 %, 0 %, 81920 MiB, 4445 MiB
2025/11/28 22:34:48.108, 0, NVIDIA A100-SXM4-80GB, 10 %, 0 %, 81920 MiB, 4445 MiB
2025/11/28 22:34:53.110, 0, NVIDIA A100-SXM4-80GB, 10 %, 0 %, 81920 MiB, 4445 MiB
2025/11/28 22:34:58.112, 0, NVIDIA A100-SXM4-80GB, 10 %, 0 %, 81920 MiB, 4445 MiB
2025/11/28 22:35:03.113, 0, NVIDIA A100-SXM4-80GB, 10 %, 0 %, 81920 MiB, 4445 MiB
2025/11/28 22:35:08.115, 0, NVIDIA A100-SXM4-80GB, 10 %, 0 %, 81920 MiB, 4445 MiB
2025/11/28 22:35:13.117, 0, NVIDIA A100-SXM4-80GB, 10 %, 0 %, 81920 MiB, 4445 MiB
2025/11/28 22:35:18.119, 0, NVIDIA A100-SXM4-80GB, 10 %, 0 %, 81920 MiB, 4445 MiB
2025/11/28 22:35:23.120, 0, NVIDIA A100-SXM4-80GB, 10 %, 0 %, 81920 MiB, 4445 MiB
2025/11/28 22:35:28.122, 0, NVIDIA A100-SXM4-80GB, 9 %, 0 %, 81920 MiB, 4445 MiB
2025/11/28 22:35:33.123, 0, NVIDIA A100-SXM4-80GB, 10 %, 0 %, 81920 MiB, 4445 MiB
2025/11/28 22:35:38.125, 0, NVIDIA A100-SXM4-80GB, 10 %, 0 %, 81920 MiB, 4445 MiB
2025/11/28 22:35:43.126, 0, NVIDIA A100-SXM4-80GB, 10 %, 0 %, 81920 MiB, 4445 MiB
2025/11/28 22:35:48.128, 0, NVIDIA A100-SXM4-80GB, 10 %, 0 %, 81920 MiB, 4445 MiB
2025/11/28 22:35:53.130, 0, NVIDIA A100-SXM4-80GB, 10 %, 0 %, 81920 MiB, 4445 MiB
2025/11/28 22:35:58.131, 0, NVIDIA A100-SXM4-80GB, 0 %, 0 %, 81920 MiB, 4445 MiB
2025/11/28 22:36:03.133, 0, NVIDIA A100-SXM4-80GB, 10 %, 0 %, 81920 MiB, 4445 MiB
2025/11/28 22:36:08.135, 0, NVIDIA A100-SXM4-80GB, 10 %, 0 %, 81920 MiB, 4445 MiB
2025/11/28 22:36:13.137, 0, NVIDIA A100-SXM4-80GB, 9 %, 0 %, 81920 MiB, 4445 MiB
2025/11/28 22:36:18.139, 0, NVIDIA A100-SXM4-80GB, 10 %, 0 %, 81920 MiB, 4445 MiB
2025/11/28 22:36:23.140, 0, NVIDIA A100-SXM4-80GB, 11 %, 0 %, 81920 MiB, 4445 MiB
2025/11/28 22:36:28.142, 0, NVIDIA A100-SXM4-80GB, 10 %, 0 %, 81920 MiB, 4445 MiB
2025/11/28 22:36:33.143, 0, NVIDIA A100-SXM4-80GB, 10 %, 0 %, 81920 MiB, 4445 MiB
2025/11/28 22:36:38.145, 0, NVIDIA A100-SXM4-80GB, 6 %, 0 %, 81920 MiB, 4445 MiB
2025/11/28 22:36:43.147, 0, NVIDIA A100-SXM4-80GB, 11 %, 0 %, 81920 MiB, 4445 MiB
2025/11/28 22:36:48.149, 0, NVIDIA A100-SXM4-80GB, 10 %, 0 %, 81920 MiB, 4445 MiB
2025/11/28 22:36:53.150, 0, NVIDIA A100-SXM4-80GB, 10 %, 0 %, 81920 MiB, 4445 MiB
2025/11/28 22:36:58.152, 0, NVIDIA A100-SXM4-80GB, 10 %, 0 %, 81920 MiB, 4445 MiB
2025/11/28 22:37:03.154, 0, NVIDIA A100-SXM4-80GB, 30 %, 3 %, 81920 MiB, 4445 MiB
2025/11/28 22:37:08.156, 0, NVIDIA A100-SXM4-80GB, 10 %, 0 %, 81920 MiB, 4445 MiB
2025/11/28 22:37:13.158, 0, NVIDIA A100-SXM4-80GB, 10 %, 0 %, 81920 MiB, 4445 MiB
2025/11/28 22:37:18.159, 0, NVIDIA A100-SXM4-80GB, 19 %, 0 %, 81920 MiB, 4445 MiB
2025/11/28 22:37:23.161, 0, NVIDIA A100-SXM4-80GB, 10 %, 0 %, 81920 MiB, 4445 MiB
2025/11/28 22:37:28.162, 0, NVIDIA A100-SXM4-80GB, 9 %, 0 %, 81920 MiB, 4445 MiB
2025/11/28 22:37:33.164, 0, NVIDIA A100-SXM4-80GB, 9 %, 0 %, 81920 MiB, 4445 MiB
2025/11/28 22:37:38.166, 0, NVIDIA A100-SXM4-80GB, 0 %, 0 %, 81920 MiB, 4445 MiB
2025/11/28 22:37:43.167, 0, NVIDIA A100-SXM4-80GB, 10 %, 0 %, 81920 MiB, 4445 MiB
2025/11/28 22:37:48.169, 0, NVIDIA A100-SXM4-80GB, 10 %, 0 %, 81920 MiB, 4445 MiB
2025/11/28 22:37:53.171, 0, NVIDIA A100-SXM4-80GB, 10 %, 0 %, 81920 MiB, 4445 MiB
2025/11/28 22:37:58.173, 0, NVIDIA A100-SXM4-80GB, 0 %, 0 %, 81920 MiB, 4445 MiB
2025/11/28 22:38:03.174, 0, NVIDIA A100-SXM4-80GB, 10 %, 0 %, 81920 MiB, 4445 MiB
2025/11/28 22:38:08.176, 0, NVIDIA A100-SXM4-80GB, 10 %, 0 %, 81920 MiB, 4445 MiB
2025/11/28 22:38:13.177, 0, NVIDIA A100-SXM4-80GB, 10 %, 0 %, 81920 MiB, 4445 MiB
2025/11/28 22:38:18.179, 0, NVIDIA A100-SXM4-80GB, 11 %, 0 %, 81920 MiB, 4445 MiB
2025/11/28 22:38:23.182, 0, NVIDIA A100-SXM4-80GB, 9 %, 0 %, 81920 MiB, 4445 MiB
2025/11/28 22:38:28.183, 0, NVIDIA A100-SXM4-80GB, 10 %, 0 %, 81920 MiB, 4445 MiB
2025/11/28 22:38:33.185, 0, NVIDIA A100-SXM4-80GB, 0 %, 0 %, 81920 MiB, 4445 MiB
2025/11/28 22:38:38.187, 0, NVIDIA A100-SXM4-80GB, 10 %, 0 %, 81920 MiB, 4445 MiB
2025/11/28 22:38:43.189, 0, NVIDIA A100-SXM4-80GB, 10 %, 0 %, 81920 MiB, 4445 MiB
2025/11/28 22:38:48.190, 0, NVIDIA A100-SXM4-80GB, 9 %, 0 %, 81920 MiB, 4445 MiB
2025/11/28 22:38:53.192, 0, NVIDIA A100-SXM4-80GB, 0 %, 0 %, 81920 MiB, 4445 MiB
2025/11/28 22:38:58.194, 0, NVIDIA A100-SXM4-80GB, 10 %, 0 %, 81920 MiB, 4445 MiB
2025/11/28 22:39:03.196, 0, NVIDIA A100-SXM4-80GB, 9 %, 0 %, 81920 MiB, 4445 MiB
2025/11/28 22:39:08.198, 0, NVIDIA A100-SXM4-80GB, 10 %, 0 %, 81920 MiB, 4445 MiB
2025/11/28 22:39:13.199, 0, NVIDIA A100-SXM4-80GB, 11 %, 0 %, 81920 MiB, 4445 MiB
2025/11/28 22:39:18.201, 0, NVIDIA A100-SXM4-80GB, 10 %, 0 %, 81920 MiB, 4445 MiB
2025/11/28 22:39:23.202, 0, NVIDIA A100-SXM4-80GB, 10 %, 0 %, 81920 MiB, 4445 MiB
2025/11/28 22:39:28.204, 0, NVIDIA A100-SXM4-80GB, 10 %, 0 %, 81920 MiB, 4445 MiB
2025/11/28 22:39:33.205, 0, NVIDIA A100-SXM4-80GB, 0 %, 0 %, 81920 MiB, 4445 MiB
2025/11/28 22:39:38.207, 0, NVIDIA A100-SXM4-80GB, 10 %, 0 %, 81920 MiB, 4445 MiB
2025/11/28 22:39:43.208, 0, NVIDIA A100-SXM4-80GB, 10 %, 0 %, 81920 MiB, 4445 MiB
2025/11/28 22:39:48.210, 0, NVIDIA A100-SXM4-80GB, 10 %, 0 %, 81920 MiB, 4445 MiB
2025/11/28 22:39:53.212, 0, NVIDIA A100-SXM4-80GB, 11 %, 0 %, 81920 MiB, 4445 MiB
2025/11/28 22:39:58.213, 0, NVIDIA A100-SXM4-80GB, 9 %, 0 %, 81920 MiB, 4445 MiB
2025/11/28 22:40:03.215, 0, NVIDIA A100-SXM4-80GB, 9 %, 0 %, 81920 MiB, 4445 MiB
2025/11/28 22:40:08.217, 0, NVIDIA A100-SXM4-80GB, 0 %, 0 %, 81920 MiB, 4445 MiB
2025/11/28 22:40:13.219, 0, NVIDIA A100-SXM4-80GB, 10 %, 0 %, 81920 MiB, 4445 MiB
2025/11/28 22:40:18.221, 0, NVIDIA A100-SXM4-80GB, 9 %, 0 %, 81920 MiB, 4445 MiB
2025/11/28 22:40:23.223, 0, NVIDIA A100-SXM4-80GB, 10 %, 0 %, 81920 MiB, 4445 MiB
2025/11/28 22:40:28.224, 0, NVIDIA A100-SXM4-80GB, 10 %, 0 %, 81920 MiB, 4445 MiB
2025/11/28 22:40:33.226, 0, NVIDIA A100-SXM4-80GB, 10 %, 0 %, 81920 MiB, 4445 MiB
2025/11/28 22:40:38.227, 0, NVIDIA A100-SXM4-80GB, 10 %, 0 %, 81920 MiB, 4445 MiB
2025/11/28 22:40:43.229, 0, NVIDIA A100-SXM4-80GB, 0 %, 0 %, 81920 MiB, 4445 MiB
2025/11/28 22:40:48.231, 0, NVIDIA A100-SXM4-80GB, 11 %, 0 %, 81920 MiB, 4445 MiB
2025/11/28 22:40:53.232, 0, NVIDIA A100-SXM4-80GB, 10 %, 0 %, 81920 MiB, 4445 MiB
2025/11/28 22:40:58.234, 0, NVIDIA A100-SXM4-80GB, 10 %, 0 %, 81920 MiB, 4445 MiB
2025/11/28 22:41:03.235, 0, NVIDIA A100-SXM4-80GB, 10 %, 0 %, 81920 MiB, 4445 MiB
2025/11/28 22:41:08.237, 0, NVIDIA A100-SXM4-80GB, 10 %, 0 %, 81920 MiB, 4445 MiB
2025/11/28 22:41:13.239, 0, NVIDIA A100-SXM4-80GB, 10 %, 0 %, 81920 MiB, 4445 MiB
2025/11/28 22:41:18.240, 0, NVIDIA A100-SXM4-80GB, 14 %, 0 %, 81920 MiB, 4445 MiB
2025/11/28 22:41:23.242, 0, NVIDIA A100-SXM4-80GB, 11 %, 0 %, 81920 MiB, 4445 MiB
2025/11/28 22:41:28.244, 0, NVIDIA A100-SXM4-80GB, 10 %, 0 %, 81920 MiB, 4445 MiB
2025/11/28 22:41:33.245, 0, NVIDIA A100-SXM4-80GB, 9 %, 0 %, 81920 MiB, 4445 MiB
2025/11/28 22:41:38.247, 0, NVIDIA A100-SXM4-80GB, 0 %, 0 %, 81920 MiB, 4445 MiB
2025/11/28 22:41:43.248, 0, NVIDIA A100-SXM4-80GB, 11 %, 0 %, 81920 MiB, 4445 MiB
2025/11/28 22:41:48.250, 0, NVIDIA A100-SXM4-80GB, 10 %, 0 %, 81920 MiB, 4445 MiB
2025/11/28 22:41:53.251, 0, NVIDIA A100-SXM4-80GB, 10 %, 0 %, 81920 MiB, 4445 MiB
2025/11/28 22:41:58.253, 0, NVIDIA A100-SXM4-80GB, 0 %, 0 %, 81920 MiB, 4445 MiB
2025/11/28 22:42:03.255, 0, NVIDIA A100-SXM4-80GB, 10 %, 0 %, 81920 MiB, 4445 MiB
2025/11/28 22:42:08.257, 0, NVIDIA A100-SXM4-80GB, 10 %, 0 %, 81920 MiB, 4445 MiB
2025/11/28 22:42:13.258, 0, NVIDIA A100-SXM4-80GB, 10 %, 0 %, 81920 MiB, 4445 MiB
2025/11/28 22:42:18.260, 0, NVIDIA A100-SXM4-80GB, 10 %, 0 %, 81920 MiB, 4445 MiB
2025/11/28 22:42:23.262, 0, NVIDIA A100-SXM4-80GB, 9 %, 0 %, 81920 MiB, 4445 MiB
2025/11/28 22:42:28.264, 0, NVIDIA A100-SXM4-80GB, 10 %, 0 %, 81920 MiB, 4445 MiB
2025/11/28 22:42:33.266, 0, NVIDIA A100-SXM4-80GB, 10 %, 0 %, 81920 MiB, 4445 MiB
2025/11/28 22:42:38.268, 0, NVIDIA A100-SXM4-80GB, 0 %, 0 %, 81920 MiB, 4445 MiB
2025/11/28 22:42:43.269, 0, NVIDIA A100-SXM4-80GB, 10 %, 0 %, 81920 MiB, 4445 MiB
2025/11/28 22:42:48.271, 0, NVIDIA A100-SXM4-80GB, 10 %, 0 %, 81920 MiB, 4445 MiB
2025/11/28 22:42:53.272, 0, NVIDIA A100-SXM4-80GB, 10 %, 0 %, 81920 MiB, 4445 MiB
2025/11/28 22:42:58.274, 0, NVIDIA A100-SXM4-80GB, 11 %, 0 %, 81920 MiB, 4445 MiB
2025/11/28 22:43:03.275, 0, NVIDIA A100-SXM4-80GB, 9 %, 0 %, 81920 MiB, 4445 MiB
2025/11/28 22:43:08.277, 0, NVIDIA A100-SXM4-80GB, 10 %, 0 %, 81920 MiB, 4445 MiB
2025/11/28 22:43:13.279, 0, NVIDIA A100-SXM4-80GB, 0 %, 0 %, 81920 MiB, 4445 MiB
2025/11/28 22:43:18.281, 0, NVIDIA A100-SXM4-80GB, 11 %, 0 %, 81920 MiB, 4445 MiB
2025/11/28 22:43:23.282, 0, NVIDIA A100-SXM4-80GB, 9 %, 0 %, 81920 MiB, 4445 MiB
2025/11/28 22:43:28.284, 0, NVIDIA A100-SXM4-80GB, 10 %, 0 %, 81920 MiB, 4445 MiB
2025/11/28 22:43:33.286, 0, NVIDIA A100-SXM4-80GB, 0 %, 0 %, 81920 MiB, 4445 MiB
2025/11/28 22:43:38.287, 0, NVIDIA A100-SXM4-80GB, 10 %, 0 %, 81920 MiB, 4445 MiB
2025/11/28 22:43:43.289, 0, NVIDIA A100-SXM4-80GB, 10 %, 0 %, 81920 MiB, 4445 MiB
2025/11/28 22:43:48.290, 0, NVIDIA A100-SXM4-80GB, 9 %, 0 %, 81920 MiB, 4445 MiB
2025/11/28 22:43:53.292, 0, NVIDIA A100-SXM4-80GB, 0 %, 0 %, 81920 MiB, 4445 MiB
2025/11/28 22:43:58.294, 0, NVIDIA A100-SXM4-80GB, 9 %, 0 %, 81920 MiB, 4445 MiB
2025/11/28 22:44:03.296, 0, NVIDIA A100-SXM4-80GB, 9 %, 0 %, 81920 MiB, 4445 MiB
2025/11/28 22:44:08.297, 0, NVIDIA A100-SXM4-80GB, 9 %, 0 %, 81920 MiB, 4445 MiB
2025/11/28 22:44:13.299, 0, NVIDIA A100-SXM4-80GB, 0 %, 0 %, 81920 MiB, 4445 MiB
2025/11/28 22:44:18.301, 0, NVIDIA A100-SXM4-80GB, 11 %, 0 %, 81920 MiB, 4445 MiB
2025/11/28 22:44:23.303, 0, NVIDIA A100-SXM4-80GB, 9 %, 0 %, 81920 MiB, 4445 MiB
2025/11/28 22:44:28.304, 0, NVIDIA A100-SXM4-80GB, 9 %, 0 %, 81920 MiB, 4445 MiB
2025/11/28 22:44:33.306, 0, NVIDIA A100-SXM4-80GB, 10 %, 0 %, 81920 MiB, 4445 MiB
2025/11/28 22:44:38.308, 0, NVIDIA A100-SXM4-80GB, 0 %, 0 %, 81920 MiB, 4445 MiB
2025/11/28 22:44:43.309, 0, NVIDIA A100-SXM4-80GB, 11 %, 0 %, 81920 MiB, 4445 MiB
2025/11/28 22:44:48.311, 0, NVIDIA A100-SXM4-80GB, 10 %, 0 %, 81920 MiB, 4445 MiB
2025/11/28 22:44:53.312, 0, NVIDIA A100-SXM4-80GB, 11 %, 0 %, 81920 MiB, 4445 MiB
2025/11/28 22:44:58.314, 0, NVIDIA A100-SXM4-80GB, 11 %, 0 %, 81920 MiB, 4445 MiB
2025/11/28 22:45:03.315, 0, NVIDIA A100-SXM4-80GB, 10 %, 0 %, 81920 MiB, 4445 MiB
2025/11/28 22:45:08.317, 0, NVIDIA A100-SXM4-80GB, 10 %, 0 %, 81920 MiB, 4445 MiB
2025/11/28 22:45:13.319, 0, NVIDIA A100-SXM4-80GB, 0 %, 0 %, 81920 MiB, 4445 MiB
2025/11/28 22:45:18.321, 0, NVIDIA A100-SXM4-80GB, 12 %, 0 %, 81920 MiB, 4445 MiB
2025/11/28 22:45:23.323, 0, NVIDIA A100-SXM4-80GB, 10 %, 0 %, 81920 MiB, 4445 MiB
2025/11/28 22:45:28.325, 0, NVIDIA A100-SXM4-80GB, 9 %, 0 %, 81920 MiB, 4445 MiB
2025/11/28 22:45:33.326, 0, NVIDIA A100-SXM4-80GB, 0 %, 0 %, 81920 MiB, 4445 MiB
2025/11/28 22:45:38.328, 0, NVIDIA A100-SXM4-80GB, 10 %, 0 %, 81920 MiB, 4445 MiB
2025/11/28 22:45:43.329, 0, NVIDIA A100-SXM4-80GB, 9 %, 0 %, 81920 MiB, 4445 MiB
2025/11/28 22:45:48.331, 0, NVIDIA A100-SXM4-80GB, 10 %, 0 %, 81920 MiB, 4445 MiB
2025/11/28 22:45:53.333, 0, NVIDIA A100-SXM4-80GB, 11 %, 0 %, 81920 MiB, 4445 MiB
2025/11/28 22:45:58.334, 0, NVIDIA A100-SXM4-80GB, 9 %, 0 %, 81920 MiB, 4445 MiB
2025/11/28 22:46:03.336, 0, NVIDIA A100-SXM4-80GB, 10 %, 0 %, 81920 MiB, 4445 MiB
2025/11/28 22:46:08.338, 0, NVIDIA A100-SXM4-80GB, 10 %, 0 %, 81920 MiB, 4445 MiB
2025/11/28 22:46:13.339, 0, NVIDIA A100-SXM4-80GB, 11 %, 0 %, 81920 MiB, 4445 MiB
2025/11/28 22:46:18.341, 0, NVIDIA A100-SXM4-80GB, 9 %, 0 %, 81920 MiB, 4445 MiB
2025/11/28 22:46:23.342, 0, NVIDIA A100-SXM4-80GB, 10 %, 0 %, 81920 MiB, 4445 MiB
2025/11/28 22:46:28.344, 0, NVIDIA A100-SXM4-80GB, 18 %, 0 %, 81920 MiB, 4445 MiB
2025/11/28 22:46:33.346, 0, NVIDIA A100-SXM4-80GB, 10 %, 0 %, 81920 MiB, 4445 MiB
2025/11/28 22:46:38.348, 0, NVIDIA A100-SXM4-80GB, 10 %, 0 %, 81920 MiB, 4445 MiB
2025/11/28 22:46:43.349, 0, NVIDIA A100-SXM4-80GB, 9 %, 0 %, 81920 MiB, 4445 MiB
2025/11/28 22:46:48.351, 0, NVIDIA A100-SXM4-80GB, 0 %, 0 %, 81920 MiB, 4445 MiB
2025/11/28 22:46:53.353, 0, NVIDIA A100-SXM4-80GB, 10 %, 0 %, 81920 MiB, 4445 MiB
2025/11/28 22:46:58.355, 0, NVIDIA A100-SXM4-80GB, 10 %, 0 %, 81920 MiB, 4445 MiB
2025/11/28 22:47:03.357, 0, NVIDIA A100-SXM4-80GB, 10 %, 0 %, 81920 MiB, 4445 MiB
2025/11/28 22:47:08.359, 0, NVIDIA A100-SXM4-80GB, 0 %, 0 %, 81920 MiB, 4445 MiB
2025/11/28 22:47:13.361, 0, NVIDIA A100-SXM4-80GB, 10 %, 0 %, 81920 MiB, 4445 MiB
2025/11/28 22:47:18.362, 0, NVIDIA A100-SXM4-80GB, 10 %, 0 %, 81920 MiB, 4445 MiB
2025/11/28 22:47:23.364, 0, NVIDIA A100-SXM4-80GB, 10 %, 0 %, 81920 MiB, 4445 MiB
2025/11/28 22:47:28.366, 0, NVIDIA A100-SXM4-80GB, 11 %, 0 %, 81920 MiB, 4445 MiB
2025/11/28 22:47:33.367, 0, NVIDIA A100-SXM4-80GB, 10 %, 0 %, 81920 MiB, 4445 MiB
2025/11/28 22:47:38.369, 0, NVIDIA A100-SXM4-80GB, 10 %, 0 %, 81920 MiB, 4445 MiB
2025/11/28 22:47:43.371, 0, NVIDIA A100-SXM4-80GB, 22 %, 3 %, 81920 MiB, 4445 MiB
2025/11/28 22:47:48.372, 0, NVIDIA A100-SXM4-80GB, 10 %, 0 %, 81920 MiB, 4445 MiB
2025/11/28 22:47:53.374, 0, NVIDIA A100-SXM4-80GB, 10 %, 0 %, 81920 MiB, 4445 MiB
2025/11/28 22:47:58.376, 0, NVIDIA A100-SXM4-80GB, 9 %, 0 %, 81920 MiB, 4445 MiB
2025/11/28 22:48:03.378, 0, NVIDIA A100-SXM4-80GB, 0 %, 0 %, 81920 MiB, 4445 MiB
2025/11/28 22:48:08.380, 0, NVIDIA A100-SXM4-80GB, 10 %, 0 %, 81920 MiB, 4445 MiB
2025/11/28 22:48:13.382, 0, NVIDIA A100-SXM4-80GB, 9 %, 0 %, 81920 MiB, 4445 MiB
2025/11/28 22:48:18.384, 0, NVIDIA A100-SXM4-80GB, 10 %, 0 %, 81920 MiB, 4445 MiB
2025/11/28 22:48:23.385, 0, NVIDIA A100-SXM4-80GB, 11 %, 0 %, 81920 MiB, 4445 MiB
2025/11/28 22:48:28.387, 0, NVIDIA A100-SXM4-80GB, 9 %, 0 %, 81920 MiB, 4445 MiB
2025/11/28 22:48:33.388, 0, NVIDIA A100-SXM4-80GB, 10 %, 0 %, 81920 MiB, 4445 MiB
2025/11/28 22:48:38.390, 0, NVIDIA A100-SXM4-80GB, 10 %, 0 %, 81920 MiB, 4445 MiB
2025/11/28 22:48:43.392, 0, NVIDIA A100-SXM4-80GB, 11 %, 0 %, 81920 MiB, 4445 MiB
2025/11/28 22:48:48.394, 0, NVIDIA A100-SXM4-80GB, 9 %, 0 %, 81920 MiB, 4445 MiB
2025/11/28 22:48:53.395, 0, NVIDIA A100-SXM4-80GB, 10 %, 0 %, 81920 MiB, 4445 MiB
2025/11/28 22:48:58.397, 0, NVIDIA A100-SXM4-80GB, 18 %, 0 %, 81920 MiB, 4445 MiB
2025/11/28 22:49:03.399, 0, NVIDIA A100-SXM4-80GB, 11 %, 0 %, 81920 MiB, 4445 MiB
2025/11/28 22:49:08.400, 0, NVIDIA A100-SXM4-80GB, 10 %, 0 %, 81920 MiB, 4445 MiB
2025/11/28 22:49:13.402, 0, NVIDIA A100-SXM4-80GB, 9 %, 0 %, 81920 MiB, 4445 MiB
2025/11/28 22:49:18.403, 0, NVIDIA A100-SXM4-80GB, 0 %, 0 %, 81920 MiB, 4445 MiB
2025/11/28 22:49:23.405, 0, NVIDIA A100-SXM4-80GB, 10 %, 0 %, 81920 MiB, 4445 MiB
2025/11/28 22:49:28.406, 0, NVIDIA A100-SXM4-80GB, 9 %, 0 %, 81920 MiB, 4445 MiB
2025/11/28 22:49:33.408, 0, NVIDIA A100-SXM4-80GB, 9 %, 0 %, 81920 MiB, 4445 MiB
2025/11/28 22:49:38.410, 0, NVIDIA A100-SXM4-80GB, 0 %, 0 %, 81920 MiB, 4445 MiB
2025/11/28 22:49:43.411, 0, NVIDIA A100-SXM4-80GB, 11 %, 0 %, 81920 MiB, 4445 MiB
2025/11/28 22:49:48.413, 0, NVIDIA A100-SXM4-80GB, 10 %, 0 %, 81920 MiB, 4445 MiB
2025/11/28 22:49:53.414, 0, NVIDIA A100-SXM4-80GB, 9 %, 0 %, 81920 MiB, 4445 MiB
2025/11/28 22:49:58.416, 0, NVIDIA A100-SXM4-80GB, 0 %, 0 %, 81920 MiB, 4445 MiB
2025/11/28 22:50:03.417, 0, NVIDIA A100-SXM4-80GB, 10 %, 0 %, 81920 MiB, 4445 MiB
2025/11/28 22:50:08.419, 0, NVIDIA A100-SXM4-80GB, 10 %, 0 %, 81920 MiB, 4445 MiB
2025/11/28 22:50:13.420, 0, NVIDIA A100-SXM4-80GB, 10 %, 0 %, 81920 MiB, 4445 MiB
2025/11/28 22:50:18.422, 0, NVIDIA A100-SXM4-80GB, 10 %, 0 %, 81920 MiB, 4445 MiB
2025/11/28 22:50:23.424, 0, NVIDIA A100-SXM4-80GB, 9 %, 0 %, 81920 MiB, 4445 MiB
2025/11/28 22:50:28.426, 0, NVIDIA A100-SXM4-80GB, 9 %, 0 %, 81920 MiB, 4445 MiB
2025/11/28 22:50:33.428, 0, NVIDIA A100-SXM4-80GB, 9 %, 0 %, 81920 MiB, 4445 MiB
2025/11/28 22:50:38.429, 0, NVIDIA A100-SXM4-80GB, 11 %, 0 %, 81920 MiB, 4445 MiB
2025/11/28 22:50:43.431, 0, NVIDIA A100-SXM4-80GB, 9 %, 0 %, 81920 MiB, 4445 MiB
2025/11/28 22:50:48.433, 0, NVIDIA A100-SXM4-80GB, 0 %, 0 %, 81920 MiB, 4445 MiB
2025/11/28 22:50:53.435, 0, NVIDIA A100-SXM4-80GB, 12 %, 0 %, 81920 MiB, 4445 MiB
2025/11/28 22:50:58.436, 0, NVIDIA A100-SXM4-80GB, 10 %, 0 %, 81920 MiB, 4445 MiB
2025/11/28 22:51:03.438, 0, NVIDIA A100-SXM4-80GB, 9 %, 0 %, 81920 MiB, 4445 MiB
2025/11/28 22:51:08.440, 0, NVIDIA A100-SXM4-80GB, 0 %, 0 %, 81920 MiB, 4445 MiB
2025/11/28 22:51:13.441, 0, NVIDIA A100-SXM4-80GB, 11 %, 0 %, 81920 MiB, 4445 MiB
2025/11/28 22:51:18.443, 0, NVIDIA A100-SXM4-80GB, 10 %, 0 %, 81920 MiB, 4445 MiB
2025/11/28 22:51:23.445, 0, NVIDIA A100-SXM4-80GB, 10 %, 0 %, 81920 MiB, 4445 MiB
2025/11/28 22:51:28.446, 0, NVIDIA A100-SXM4-80GB, 10 %, 0 %, 81920 MiB, 4445 MiB
2025/11/28 22:51:33.448, 0, NVIDIA A100-SXM4-80GB, 11 %, 0 %, 81920 MiB, 4445 MiB
2025/11/28 22:51:38.449, 0, NVIDIA A100-SXM4-80GB, 9 %, 0 %, 81920 MiB, 4445 MiB
2025/11/28 22:51:43.451, 0, NVIDIA A100-SXM4-80GB, 9 %, 0 %, 81920 MiB, 4445 MiB
2025/11/28 22:51:48.452, 0, NVIDIA A100-SXM4-80GB, 10 %, 0 %, 81920 MiB, 4445 MiB
2025/11/28 22:51:53.454, 0, NVIDIA A100-SXM4-80GB, 11 %, 0 %, 81920 MiB, 4445 MiB
2025/11/28 22:51:58.456, 0, NVIDIA A100-SXM4-80GB, 10 %, 0 %, 81920 MiB, 4445 MiB
2025/11/28 22:52:03.457, 0, NVIDIA A100-SXM4-80GB, 10 %, 0 %, 81920 MiB, 4445 MiB
2025/11/28 22:52:08.459, 0, NVIDIA A100-SXM4-80GB, 10 %, 0 %, 81920 MiB, 4445 MiB
2025/11/28 22:52:13.461, 0, NVIDIA A100-SXM4-80GB, 9 %, 0 %, 81920 MiB, 4445 MiB
2025/11/28 22:52:18.462, 0, NVIDIA A100-SXM4-80GB, 11 %, 0 %, 81920 MiB, 4445 MiB
2025/11/28 22:52:23.464, 0, NVIDIA A100-SXM4-80GB, 9 %, 0 %, 81920 MiB, 4445 MiB
2025/11/28 22:52:28.466, 0, NVIDIA A100-SXM4-80GB, 10 %, 0 %, 81920 MiB, 4445 MiB
2025/11/28 22:52:33.467, 0, NVIDIA A100-SXM4-80GB, 0 %, 0 %, 81920 MiB, 4445 MiB
2025/11/28 22:52:38.469, 0, NVIDIA A100-SXM4-80GB, 10 %, 0 %, 81920 MiB, 4445 MiB
2025/11/28 22:52:43.471, 0, NVIDIA A100-SXM4-80GB, 10 %, 0 %, 81920 MiB, 4445 MiB
2025/11/28 22:52:48.472, 0, NVIDIA A100-SXM4-80GB, 10 %, 0 %, 81920 MiB, 4445 MiB
2025/11/28 22:52:53.474, 0, NVIDIA A100-SXM4-80GB, 21 %, 2 %, 81920 MiB, 4445 MiB
2025/11/28 22:52:58.475, 0, NVIDIA A100-SXM4-80GB, 11 %, 0 %, 81920 MiB, 4445 MiB
2025/11/28 22:53:03.477, 0, NVIDIA A100-SXM4-80GB, 10 %, 0 %, 81920 MiB, 4445 MiB
2025/11/28 22:53:08.478, 0, NVIDIA A100-SXM4-80GB, 10 %, 0 %, 81920 MiB, 4445 MiB
2025/11/28 22:53:13.480, 0, NVIDIA A100-SXM4-80GB, 0 %, 0 %, 81920 MiB, 4445 MiB
2025/11/28 22:53:18.482, 0, NVIDIA A100-SXM4-80GB, 11 %, 0 %, 81920 MiB, 4445 MiB
2025/11/28 22:53:23.483, 0, NVIDIA A100-SXM4-80GB, 9 %, 0 %, 81920 MiB, 4445 MiB
2025/11/28 22:53:28.485, 0, NVIDIA A100-SXM4-80GB, 10 %, 0 %, 81920 MiB, 4445 MiB
2025/11/28 22:53:33.487, 0, NVIDIA A100-SXM4-80GB, 10 %, 0 %, 81920 MiB, 4445 MiB
2025/11/28 22:53:38.488, 0, NVIDIA A100-SXM4-80GB, 10 %, 0 %, 81920 MiB, 4445 MiB
2025/11/28 22:53:43.490, 0, NVIDIA A100-SXM4-80GB, 10 %, 0 %, 81920 MiB, 4445 MiB
2025/11/28 22:53:48.491, 0, NVIDIA A100-SXM4-80GB, 19 %, 0 %, 81920 MiB, 4445 MiB
2025/11/28 22:53:53.493, 0, NVIDIA A100-SXM4-80GB, 10 %, 0 %, 81920 MiB, 4445 MiB
2025/11/28 22:53:58.495, 0, NVIDIA A100-SXM4-80GB, 10 %, 0 %, 81920 MiB, 4445 MiB
2025/11/28 22:54:03.497, 0, NVIDIA A100-SXM4-80GB, 10 %, 0 %, 81920 MiB, 4445 MiB
2025/11/28 22:54:08.498, 0, NVIDIA A100-SXM4-80GB, 10 %, 0 %, 81920 MiB, 4445 MiB
2025/11/28 22:54:13.500, 0, NVIDIA A100-SXM4-80GB, 11 %, 0 %, 81920 MiB, 4445 MiB
2025/11/28 22:54:18.501, 0, NVIDIA A100-SXM4-80GB, 9 %, 0 %, 81920 MiB, 4445 MiB
2025/11/28 22:54:23.503, 0, NVIDIA A100-SXM4-80GB, 10 %, 0 %, 81920 MiB, 4445 MiB
2025/11/28 22:54:28.504, 0, NVIDIA A100-SXM4-80GB, 0 %, 0 %, 81920 MiB, 4445 MiB
2025/11/28 22:54:33.506, 0, NVIDIA A100-SXM4-80GB, 9 %, 0 %, 81920 MiB, 4445 MiB
2025/11/28 22:54:38.508, 0, NVIDIA A100-SXM4-80GB, 10 %, 0 %, 81920 MiB, 4445 MiB
2025/11/28 22:54:43.509, 0, NVIDIA A100-SXM4-80GB, 10 %, 0 %, 81920 MiB, 4445 MiB
2025/11/28 22:54:48.511, 0, NVIDIA A100-SXM4-80GB, 10 %, 0 %, 81920 MiB, 4445 MiB
2025/11/28 22:54:53.512, 0, NVIDIA A100-SXM4-80GB, 9 %, 0 %, 81920 MiB, 4445 MiB
2025/11/28 22:54:58.514, 0, NVIDIA A100-SXM4-80GB, 10 %, 0 %, 81920 MiB, 4445 MiB
2025/11/28 22:55:03.516, 0, NVIDIA A100-SXM4-80GB, 18 %, 0 %, 81920 MiB, 4445 MiB
2025/11/28 22:55:08.517, 0, NVIDIA A100-SXM4-80GB, 10 %, 0 %, 81920 MiB, 4445 MiB
2025/11/28 22:55:13.519, 0, NVIDIA A100-SXM4-80GB, 10 %, 0 %, 81920 MiB, 4445 MiB
2025/11/28 22:55:18.521, 0, NVIDIA A100-SXM4-80GB, 9 %, 0 %, 81920 MiB, 4445 MiB
2025/11/28 22:55:23.522, 0, NVIDIA A100-SXM4-80GB, 0 %, 0 %, 81920 MiB, 4445 MiB
2025/11/28 22:55:28.524, 0, NVIDIA A100-SXM4-80GB, 8 %, 0 %, 81920 MiB, 4445 MiB
2025/11/28 22:55:33.525, 0, NVIDIA A100-SXM4-80GB, 10 %, 0 %, 81920 MiB, 4445 MiB
2025/11/28 22:55:38.527, 0, NVIDIA A100-SXM4-80GB, 10 %, 0 %, 81920 MiB, 4445 MiB
2025/11/28 22:55:43.529, 0, NVIDIA A100-SXM4-80GB, 10 %, 0 %, 81920 MiB, 4445 MiB
2025/11/28 22:55:48.530, 0, NVIDIA A100-SXM4-80GB, 9 %, 0 %, 81920 MiB, 4445 MiB
2025/11/28 22:55:53.532, 0, NVIDIA A100-SXM4-80GB, 10 %, 0 %, 81920 MiB, 4445 MiB
2025/11/28 22:55:58.534, 0, NVIDIA A100-SXM4-80GB, 9 %, 0 %, 81920 MiB, 4445 MiB
2025/11/28 22:56:03.535, 0, NVIDIA A100-SXM4-80GB, 0 %, 0 %, 81920 MiB, 4445 MiB
2025/11/28 22:56:08.537, 0, NVIDIA A100-SXM4-80GB, 12 %, 0 %, 81920 MiB, 4445 MiB
2025/11/28 22:56:13.538, 0, NVIDIA A100-SXM4-80GB, 11 %, 0 %, 81920 MiB, 4445 MiB
2025/11/28 22:56:18.540, 0, NVIDIA A100-SXM4-80GB, 10 %, 0 %, 81920 MiB, 4445 MiB
2025/11/28 22:56:23.542, 0, NVIDIA A100-SXM4-80GB, 11 %, 0 %, 81920 MiB, 4445 MiB
2025/11/28 22:56:28.544, 0, NVIDIA A100-SXM4-80GB, 10 %, 0 %, 81920 MiB, 4445 MiB
2025/11/28 22:56:33.545, 0, NVIDIA A100-SXM4-80GB, 9 %, 0 %, 81920 MiB, 4445 MiB
2025/11/28 22:56:38.547, 0, NVIDIA A100-SXM4-80GB, 10 %, 0 %, 81920 MiB, 4445 MiB
2025/11/28 22:56:43.548, 0, NVIDIA A100-SXM4-80GB, 11 %, 0 %, 81920 MiB, 4445 MiB
2025/11/28 22:56:48.550, 0, NVIDIA A100-SXM4-80GB, 10 %, 0 %, 81920 MiB, 4445 MiB
2025/11/28 22:56:53.551, 0, NVIDIA A100-SXM4-80GB, 11 %, 0 %, 81920 MiB, 4445 MiB
2025/11/28 22:56:58.553, 0, NVIDIA A100-SXM4-80GB, 0 %, 0 %, 81920 MiB, 4445 MiB
2025/11/28 22:57:03.555, 0, NVIDIA A100-SXM4-80GB, 11 %, 0 %, 81920 MiB, 4445 MiB
2025/11/28 22:57:08.557, 0, NVIDIA A100-SXM4-80GB, 10 %, 0 %, 81920 MiB, 4445 MiB
2025/11/28 22:57:13.558, 0, NVIDIA A100-SXM4-80GB, 10 %, 0 %, 81920 MiB, 4445 MiB
2025/11/28 22:57:18.560, 0, NVIDIA A100-SXM4-80GB, 28 %, 3 %, 81920 MiB, 4445 MiB
2025/11/28 22:57:23.563, 0, NVIDIA A100-SXM4-80GB, 10 %, 0 %, 81920 MiB, 4445 MiB
2025/11/28 22:57:28.564, 0, NVIDIA A100-SXM4-80GB, 10 %, 0 %, 81920 MiB, 4445 MiB
2025/11/28 22:57:33.566, 0, NVIDIA A100-SXM4-80GB, 10 %, 0 %, 81920 MiB, 4445 MiB
2025/11/28 22:57:38.567, 0, NVIDIA A100-SXM4-80GB, 11 %, 0 %, 81920 MiB, 4445 MiB
2025/11/28 22:57:43.569, 0, NVIDIA A100-SXM4-80GB, 10 %, 0 %, 81920 MiB, 4445 MiB
2025/11/28 22:57:48.570, 0, NVIDIA A100-SXM4-80GB, 9 %, 0 %, 81920 MiB, 4445 MiB
2025/11/28 22:57:53.572, 0, NVIDIA A100-SXM4-80GB, 0 %, 0 %, 81920 MiB, 4445 MiB
2025/11/28 22:57:58.573, 0, NVIDIA A100-SXM4-80GB, 10 %, 0 %, 81920 MiB, 4445 MiB
2025/11/28 22:58:03.575, 0, NVIDIA A100-SXM4-80GB, 10 %, 0 %, 81920 MiB, 4445 MiB
2025/11/28 22:58:08.576, 0, NVIDIA A100-SXM4-80GB, 18 %, 0 %, 81920 MiB, 4445 MiB
2025/11/28 22:58:13.578, 0, NVIDIA A100-SXM4-80GB, 10 %, 0 %, 81920 MiB, 4445 MiB
2025/11/28 22:58:18.580, 0, NVIDIA A100-SXM4-80GB, 9 %, 0 %, 81920 MiB, 4445 MiB
2025/11/28 22:58:23.581, 0, NVIDIA A100-SXM4-80GB, 10 %, 0 %, 81920 MiB, 4445 MiB
2025/11/28 22:58:28.583, 0, NVIDIA A100-SXM4-80GB, 10 %, 0 %, 81920 MiB, 4445 MiB
2025/11/28 22:58:33.584, 0, NVIDIA A100-SXM4-80GB, 9 %, 0 %, 81920 MiB, 4445 MiB
2025/11/28 22:58:38.586, 0, NVIDIA A100-SXM4-80GB, 10 %, 0 %, 81920 MiB, 4445 MiB
2025/11/28 22:58:43.587, 0, NVIDIA A100-SXM4-80GB, 10 %, 0 %, 81920 MiB, 4445 MiB
2025/11/28 22:58:48.589, 0, NVIDIA A100-SXM4-80GB, 29 %, 3 %, 81920 MiB, 4445 MiB
2025/11/28 22:58:53.591, 0, NVIDIA A100-SXM4-80GB, 11 %, 0 %, 81920 MiB, 4445 MiB
2025/11/28 22:58:58.592, 0, NVIDIA A100-SXM4-80GB, 10 %, 0 %, 81920 MiB, 4445 MiB
2025/11/28 22:59:03.594, 0, NVIDIA A100-SXM4-80GB, 9 %, 0 %, 81920 MiB, 4445 MiB
2025/11/28 22:59:08.595, 0, NVIDIA A100-SXM4-80GB, 0 %, 0 %, 81920 MiB, 4445 MiB
2025/11/28 22:59:13.597, 0, NVIDIA A100-SXM4-80GB, 10 %, 0 %, 81920 MiB, 4445 MiB
2025/11/28 22:59:18.599, 0, NVIDIA A100-SXM4-80GB, 10 %, 0 %, 81920 MiB, 4445 MiB
2025/11/28 22:59:23.601, 0, NVIDIA A100-SXM4-80GB, 9 %, 0 %, 81920 MiB, 4445 MiB
2025/11/28 22:59:28.602, 0, NVIDIA A100-SXM4-80GB, 0 %, 0 %, 81920 MiB, 4445 MiB
2025/11/28 22:59:33.604, 0, NVIDIA A100-SXM4-80GB, 11 %, 0 %, 81920 MiB, 4445 MiB
2025/11/28 22:59:38.606, 0, NVIDIA A100-SXM4-80GB, 10 %, 0 %, 81920 MiB, 4445 MiB
2025/11/28 22:59:43.607, 0, NVIDIA A100-SXM4-80GB, 10 %, 0 %, 81920 MiB, 4445 MiB
2025/11/28 22:59:48.609, 0, NVIDIA A100-SXM4-80GB, 11 %, 0 %, 81920 MiB, 4445 MiB
2025/11/28 22:59:53.610, 0, NVIDIA A100-SXM4-80GB, 0 %, 0 %, 81920 MiB, 4445 MiB
2025/11/28 22:59:58.612, 0, NVIDIA A100-SXM4-80GB, 11 %, 0 %, 81920 MiB, 4445 MiB
2025/11/28 23:00:03.613, 0, NVIDIA A100-SXM4-80GB, 10 %, 0 %, 81920 MiB, 4445 MiB
2025/11/28 23:00:08.615, 0, NVIDIA A100-SXM4-80GB, 10 %, 0 %, 81920 MiB, 4445 MiB
2025/11/28 23:00:13.617, 0, NVIDIA A100-SXM4-80GB, 12 %, 0 %, 81920 MiB, 4445 MiB
2025/11/28 23:00:18.618, 0, NVIDIA A100-SXM4-80GB, 10 %, 0 %, 81920 MiB, 4445 MiB
2025/11/28 23:00:23.620, 0, NVIDIA A100-SXM4-80GB, 9 %, 0 %, 81920 MiB, 4445 MiB
2025/11/28 23:00:28.621, 0, NVIDIA A100-SXM4-80GB, 9 %, 0 %, 81920 MiB, 4445 MiB
2025/11/28 23:00:33.623, 0, NVIDIA A100-SXM4-80GB, 10 %, 0 %, 81920 MiB, 4445 MiB
2025/11/28 23:00:38.625, 0, NVIDIA A100-SXM4-80GB, 10 %, 0 %, 81920 MiB, 4445 MiB
2025/11/28 23:00:43.626, 0, NVIDIA A100-SXM4-80GB, 9 %, 0 %, 81920 MiB, 4445 MiB
2025/11/28 23:00:48.628, 0, NVIDIA A100-SXM4-80GB, 0 %, 0 %, 81920 MiB, 4445 MiB
2025/11/28 23:00:53.629, 0, NVIDIA A100-SXM4-80GB, 9 %, 0 %, 81920 MiB, 4445 MiB
2025/11/28 23:00:58.631, 0, NVIDIA A100-SXM4-80GB, 10 %, 0 %, 81920 MiB, 4445 MiB
2025/11/28 23:01:03.633, 0, NVIDIA A100-SXM4-80GB, 9 %, 0 %, 81920 MiB, 4445 MiB
2025/11/28 23:01:08.634, 0, NVIDIA A100-SXM4-80GB, 11 %, 0 %, 81920 MiB, 4445 MiB
2025/11/28 23:01:13.636, 0, NVIDIA A100-SXM4-80GB, 10 %, 0 %, 81920 MiB, 4445 MiB
2025/11/28 23:01:18.638, 0, NVIDIA A100-SXM4-80GB, 10 %, 0 %, 81920 MiB, 4445 MiB
2025/11/28 23:01:23.640, 0, NVIDIA A100-SXM4-80GB, 10 %, 0 %, 81920 MiB, 4445 MiB
2025/11/28 23:01:28.641, 0, NVIDIA A100-SXM4-80GB, 9 %, 0 %, 81920 MiB, 4445 MiB
2025/11/28 23:01:33.644, 0, NVIDIA A100-SXM4-80GB, 10 %, 0 %, 81920 MiB, 4445 MiB
2025/11/28 23:01:38.646, 0, NVIDIA A100-SXM4-80GB, 10 %, 0 %, 81920 MiB, 4445 MiB
2025/11/28 23:01:43.647, 0, NVIDIA A100-SXM4-80GB, 16 %, 0 %, 81920 MiB, 4445 MiB
2025/11/28 23:01:48.649, 0, NVIDIA A100-SXM4-80GB, 10 %, 0 %, 81920 MiB, 4445 MiB
2025/11/28 23:01:53.651, 0, NVIDIA A100-SXM4-80GB, 9 %, 0 %, 81920 MiB, 4445 MiB
2025/11/28 23:01:58.652, 0, NVIDIA A100-SXM4-80GB, 9 %, 0 %, 81920 MiB, 4445 MiB
2025/11/28 23:02:03.654, 0, NVIDIA A100-SXM4-80GB, 0 %, 0 %, 81920 MiB, 4445 MiB
2025/11/28 23:02:08.656, 0, NVIDIA A100-SXM4-80GB, 11 %, 0 %, 81920 MiB, 4445 MiB
2025/11/28 23:02:13.658, 0, NVIDIA A100-SXM4-80GB, 9 %, 0 %, 81920 MiB, 4445 MiB
2025/11/28 23:02:18.659, 0, NVIDIA A100-SXM4-80GB, 10 %, 0 %, 81920 MiB, 4445 MiB
2025/11/28 23:02:23.661, 0, NVIDIA A100-SXM4-80GB, 0 %, 0 %, 81920 MiB, 4445 MiB
2025/11/28 23:02:28.663, 0, NVIDIA A100-SXM4-80GB, 10 %, 0 %, 81920 MiB, 4445 MiB
2025/11/28 23:02:33.664, 0, NVIDIA A100-SXM4-80GB, 9 %, 0 %, 81920 MiB, 4445 MiB
2025/11/28 23:02:38.666, 0, NVIDIA A100-SXM4-80GB, 10 %, 0 %, 81920 MiB, 4445 MiB
2025/11/28 23:02:43.667, 0, NVIDIA A100-SXM4-80GB, 0 %, 0 %, 81920 MiB, 4445 MiB
2025/11/28 23:02:48.669, 0, NVIDIA A100-SXM4-80GB, 10 %, 0 %, 81920 MiB, 4445 MiB
2025/11/28 23:02:53.670, 0, NVIDIA A100-SXM4-80GB, 9 %, 0 %, 81920 MiB, 4445 MiB
2025/11/28 23:02:58.672, 0, NVIDIA A100-SXM4-80GB, 9 %, 0 %, 81920 MiB, 4445 MiB
2025/11/28 23:03:03.673, 0, NVIDIA A100-SXM4-80GB, 11 %, 0 %, 81920 MiB, 4445 MiB
2025/11/28 23:03:08.675, 0, NVIDIA A100-SXM4-80GB, 9 %, 0 %, 81920 MiB, 4445 MiB
2025/11/28 23:03:13.677, 0, NVIDIA A100-SXM4-80GB, 10 %, 0 %, 81920 MiB, 4445 MiB
2025/11/28 23:03:18.679, 0, NVIDIA A100-SXM4-80GB, 0 %, 0 %, 81920 MiB, 4445 MiB
2025/11/28 23:03:23.680, 0, NVIDIA A100-SXM4-80GB, 10 %, 0 %, 81920 MiB, 4445 MiB
2025/11/28 23:03:28.682, 0, NVIDIA A100-SXM4-80GB, 8 %, 0 %, 81920 MiB, 4445 MiB
2025/11/28 23:03:33.684, 0, NVIDIA A100-SXM4-80GB, 9 %, 0 %, 81920 MiB, 4445 MiB
2025/11/28 23:03:38.685, 0, NVIDIA A100-SXM4-80GB, 22 %, 2 %, 81920 MiB, 4445 MiB
2025/11/28 23:03:43.687, 0, NVIDIA A100-SXM4-80GB, 9 %, 0 %, 81920 MiB, 4445 MiB
2025/11/28 23:03:48.688, 0, NVIDIA A100-SXM4-80GB, 10 %, 0 %, 81920 MiB, 4445 MiB
2025/11/28 23:03:53.690, 0, NVIDIA A100-SXM4-80GB, 8 %, 0 %, 81920 MiB, 4445 MiB
2025/11/28 23:03:58.691, 0, NVIDIA A100-SXM4-80GB, 10 %, 0 %, 81920 MiB, 4445 MiB
2025/11/28 23:04:03.693, 0, NVIDIA A100-SXM4-80GB, 10 %, 0 %, 81920 MiB, 4445 MiB
2025/11/28 23:04:08.695, 0, NVIDIA A100-SXM4-80GB, 10 %, 0 %, 81920 MiB, 4445 MiB
2025/11/28 23:04:13.696, 0, NVIDIA A100-SXM4-80GB, 14 %, 5 %, 81920 MiB, 4445 MiB
2025/11/28 23:04:18.698, 0, NVIDIA A100-SXM4-80GB, 11 %, 0 %, 81920 MiB, 4445 MiB
2025/11/28 23:04:23.699, 0, NVIDIA A100-SXM4-80GB, 10 %, 0 %, 81920 MiB, 4445 MiB
2025/11/28 23:04:28.701, 0, NVIDIA A100-SXM4-80GB, 10 %, 0 %, 81920 MiB, 4445 MiB
2025/11/28 23:04:33.702, 0, NVIDIA A100-SXM4-80GB, 0 %, 0 %, 81920 MiB, 4445 MiB
2025/11/28 23:04:38.704, 0, NVIDIA A100-SXM4-80GB, 11 %, 0 %, 81920 MiB, 4445 MiB
2025/11/28 23:04:43.706, 0, NVIDIA A100-SXM4-80GB, 10 %, 0 %, 81920 MiB, 4445 MiB
2025/11/28 23:04:48.707, 0, NVIDIA A100-SXM4-80GB, 10 %, 0 %, 81920 MiB, 4445 MiB
2025/11/28 23:04:53.709, 0, NVIDIA A100-SXM4-80GB, 9 %, 0 %, 81920 MiB, 4445 MiB
2025/11/28 23:04:58.711, 0, NVIDIA A100-SXM4-80GB, 10 %, 0 %, 81920 MiB, 4445 MiB
2025/11/28 23:05:03.713, 0, NVIDIA A100-SXM4-80GB, 10 %, 0 %, 81920 MiB, 4445 MiB
2025/11/28 23:05:08.714, 0, NVIDIA A100-SXM4-80GB, 18 %, 0 %, 81920 MiB, 4445 MiB
2025/11/28 23:05:13.716, 0, NVIDIA A100-SXM4-80GB, 10 %, 0 %, 81920 MiB, 4445 MiB
2025/11/28 23:05:18.718, 0, NVIDIA A100-SXM4-80GB, 10 %, 0 %, 81920 MiB, 4445 MiB
2025/11/28 23:05:23.719, 0, NVIDIA A100-SXM4-80GB, 10 %, 0 %, 81920 MiB, 4445 MiB
2025/11/28 23:05:28.721, 0, NVIDIA A100-SXM4-80GB, 0 %, 0 %, 81920 MiB, 4445 MiB
2025/11/28 23:05:33.722, 0, NVIDIA A100-SXM4-80GB, 10 %, 0 %, 81920 MiB, 4445 MiB
2025/11/28 23:05:38.724, 0, NVIDIA A100-SXM4-80GB, 10 %, 0 %, 81920 MiB, 4445 MiB
2025/11/28 23:05:43.726, 0, NVIDIA A100-SXM4-80GB, 10 %, 0 %, 81920 MiB, 4445 MiB
2025/11/28 23:05:48.727, 0, NVIDIA A100-SXM4-80GB, 21 %, 2 %, 81920 MiB, 4445 MiB
2025/11/28 23:05:53.729, 0, NVIDIA A100-SXM4-80GB, 10 %, 0 %, 81920 MiB, 4445 MiB
2025/11/28 23:05:58.731, 0, NVIDIA A100-SXM4-80GB, 10 %, 0 %, 81920 MiB, 4445 MiB
2025/11/28 23:06:03.732, 0, NVIDIA A100-SXM4-80GB, 12 %, 4 %, 81920 MiB, 4445 MiB
2025/11/28 23:06:08.734, 0, NVIDIA A100-SXM4-80GB, 11 %, 0 %, 81920 MiB, 4445 MiB
2025/11/28 23:06:13.735, 0, NVIDIA A100-SXM4-80GB, 9 %, 0 %, 81920 MiB, 4445 MiB
2025/11/28 23:06:18.737, 0, NVIDIA A100-SXM4-80GB, 10 %, 0 %, 81920 MiB, 4445 MiB
2025/11/28 23:06:23.739, 0, NVIDIA A100-SXM4-80GB, 10 %, 0 %, 81920 MiB, 4445 MiB
2025/11/28 23:06:28.740, 0, NVIDIA A100-SXM4-80GB, 11 %, 0 %, 81920 MiB, 4445 MiB
2025/11/28 23:06:33.742, 0, NVIDIA A100-SXM4-80GB, 10 %, 0 %, 81920 MiB, 4445 MiB
2025/11/28 23:06:38.743, 0, NVIDIA A100-SXM4-80GB, 10 %, 0 %, 81920 MiB, 4445 MiB
2025/11/28 23:06:43.745, 0, NVIDIA A100-SXM4-80GB, 9 %, 0 %, 81920 MiB, 4445 MiB
2025/11/28 23:06:48.746, 0, NVIDIA A100-SXM4-80GB, 10 %, 0 %, 81920 MiB, 4445 MiB
2025/11/28 23:06:53.748, 0, NVIDIA A100-SXM4-80GB, 10 %, 0 %, 81920 MiB, 4445 MiB
2025/11/28 23:06:58.749, 0, NVIDIA A100-SXM4-80GB, 10 %, 0 %, 81920 MiB, 4445 MiB
2025/11/28 23:07:03.751, 0, NVIDIA A100-SXM4-80GB, 10 %, 0 %, 81920 MiB, 4445 MiB
2025/11/28 23:07:08.753, 0, NVIDIA A100-SXM4-80GB, 0 %, 0 %, 81920 MiB, 4445 MiB
2025/11/28 23:07:13.754, 0, NVIDIA A100-SXM4-80GB, 10 %, 0 %, 81920 MiB, 4445 MiB
2025/11/28 23:07:18.756, 0, NVIDIA A100-SXM4-80GB, 10 %, 0 %, 81920 MiB, 4445 MiB
2025/11/28 23:07:23.757, 0, NVIDIA A100-SXM4-80GB, 10 %, 0 %, 81920 MiB, 4445 MiB
2025/11/28 23:07:28.759, 0, NVIDIA A100-SXM4-80GB, 10 %, 0 %, 81920 MiB, 4445 MiB
2025/11/28 23:07:33.761, 0, NVIDIA A100-SXM4-80GB, 0 %, 0 %, 81920 MiB, 4445 MiB
2025/11/28 23:07:38.762, 0, NVIDIA A100-SXM4-80GB, 10 %, 0 %, 81920 MiB, 4445 MiB
2025/11/28 23:07:43.763, 0, NVIDIA A100-SXM4-80GB, 10 %, 0 %, 81920 MiB, 4445 MiB
2025/11/28 23:07:48.765, 0, NVIDIA A100-SXM4-80GB, 9 %, 0 %, 81920 MiB, 4445 MiB
2025/11/28 23:07:53.766, 0, NVIDIA A100-SXM4-80GB, 9 %, 0 %, 81920 MiB, 4445 MiB
2025/11/28 23:07:58.768, 0, NVIDIA A100-SXM4-80GB, 10 %, 0 %, 81920 MiB, 4445 MiB
2025/11/28 23:08:03.769, 0, NVIDIA A100-SXM4-80GB, 10 %, 0 %, 81920 MiB, 4445 MiB
2025/11/28 23:08:08.771, 0, NVIDIA A100-SXM4-80GB, 11 %, 0 %, 81920 MiB, 4445 MiB
2025/11/28 23:08:13.773, 0, NVIDIA A100-SXM4-80GB, 9 %, 0 %, 81920 MiB, 4445 MiB
2025/11/28 23:08:18.774, 0, NVIDIA A100-SXM4-80GB, 10 %, 0 %, 81920 MiB, 4445 MiB
2025/11/28 23:08:23.776, 0, NVIDIA A100-SXM4-80GB, 10 %, 0 %, 81920 MiB, 4445 MiB
2025/11/28 23:08:28.777, 0, NVIDIA A100-SXM4-80GB, 0 %, 0 %, 81920 MiB, 4445 MiB
2025/11/28 23:08:33.779, 0, NVIDIA A100-SXM4-80GB, 10 %, 0 %, 81920 MiB, 4445 MiB
2025/11/28 23:08:38.780, 0, NVIDIA A100-SXM4-80GB, 10 %, 0 %, 81920 MiB, 4445 MiB
2025/11/28 23:08:43.782, 0, NVIDIA A100-SXM4-80GB, 9 %, 0 %, 81920 MiB, 4445 MiB
2025/11/28 23:08:48.783, 0, NVIDIA A100-SXM4-80GB, 9 %, 0 %, 81920 MiB, 4445 MiB
2025/11/28 23:08:53.784, 0, NVIDIA A100-SXM4-80GB, 0 %, 0 %, 81920 MiB, 4445 MiB
2025/11/28 23:08:58.786, 0, NVIDIA A100-SXM4-80GB, 11 %, 0 %, 81920 MiB, 4445 MiB
2025/11/28 23:09:03.788, 0, NVIDIA A100-SXM4-80GB, 10 %, 0 %, 81920 MiB, 4445 MiB
2025/11/28 23:09:08.789, 0, NVIDIA A100-SXM4-80GB, 10 %, 0 %, 81920 MiB, 4445 MiB
2025/11/28 23:09:13.791, 0, NVIDIA A100-SXM4-80GB, 10 %, 0 %, 81920 MiB, 4445 MiB
2025/11/28 23:09:18.793, 0, NVIDIA A100-SXM4-80GB, 8 %, 0 %, 81920 MiB, 4445 MiB
2025/11/28 23:09:23.794, 0, NVIDIA A100-SXM4-80GB, 9 %, 0 %, 81920 MiB, 4445 MiB
2025/11/28 23:09:28.796, 0, NVIDIA A100-SXM4-80GB, 0 %, 0 %, 81920 MiB, 4445 MiB
